run_name,vectorizer,model,cv_val_f1_mean,cv_val_f1_std,cv_gap_f1,train_f1,test_f1,test_accuracy,test_roc_auc,holdout_gap_f1,overfitting_risk
tfidf_sublinear__linear_svc,tfidf_sublinear,linear_svc,0.9963577295061171,0.0006058403050654243,0.0034378544615681905,0.9997770014566819,0.9970477345539878,0.9970262233035956,0.999988495249423,0.0027292669026941496,False
tfidf_bigram__linear_svc,tfidf_bigram,linear_svc,0.9959860769906566,0.0007845295425241992,0.003790924369166948,0.9997026686089092,0.9965109590183492,0.9964855366315221,0.9999646007674554,0.0031917095905600323,False
tfidf_unigram__linear_svc,tfidf_unigram,linear_svc,0.995911742665313,0.0009325826168664483,0.003958174763234679,0.9998141678885258,0.9973108595232197,0.9972965666396323,0.999976990498846,0.0025033083653061006,False
hashing__linear_svc,hashing,linear_svc,0.9957630513659792,0.0004899813664403071,0.0041997821188990425,0.9999628335707229,0.9973143738511242,0.9972965666396323,0.9999814154029141,0.002648459719598706,False
bow_bigram__logistic_regression,bow_bigram,logistic_regression,0.9939417865599044,0.0007300041174740096,0.005575049958772671,0.9995911689391102,0.9925566806199346,0.9924303865909705,0.9999168118035202,0.007034488319175525,False
tfidf_sublinear__random_forest,tfidf_sublinear,random_forest,0.9937188810669764,0.0005561781487199625,0.006281118933023633,1.0,0.9949203367223289,0.9948634766153014,0.9998999971680613,0.005079663277671065,False
bow_bigram__random_forest,bow_bigram,random_forest,0.9937188703803768,0.0003406284445801109,0.006281129619623238,1.0,0.9959845882497812,0.9959448499594485,0.9998814125709754,0.0040154117502188,False
bow_unigram__logistic_regression,bow_unigram,logistic_regression,0.993607228638935,0.0008604668112907329,0.005956065584598047,0.9996655019147189,0.9922956594426787,0.9921600432549338,0.9999185817651474,0.0073698424720402,False
tfidf_bigram__random_forest,tfidf_bigram,random_forest,0.9935702497582517,0.0007202447645249684,0.0064297502417483,1.0,0.9962498665660232,0.9962151932954852,0.9999110594282317,0.0037501334339767878,False
bow_bigram__linear_svc,bow_bigram,linear_svc,0.9934585390130625,0.0005927106787232154,0.006532169464809168,1.0,0.9928180190485003,0.9927007299270073,0.9997937994704276,0.007181980951499689,False
bow_unigram__random_forest,bow_unigram,random_forest,0.9933100524175025,0.00042342128956963725,0.006689947582497524,1.0,0.9962498665660232,0.9962151932954852,0.999836278549481,0.0037501334339767878,False
tfidf_sublinear__logistic_regression,tfidf_sublinear,logistic_regression,0.9932729364247959,0.0010728411487696487,0.0027967159017069365,0.9961718594343169,0.9941295249075837,0.9940524466071912,0.9998787576285346,0.0020423345267331916,False
tfidf_unigram__random_forest,tfidf_unigram,random_forest,0.9931614189446998,0.0008978194717297462,0.006838581055300219,1.0,0.9951907630009083,0.9951338199513382,0.9998721202724326,0.004809236999091748,False
bow_unigram__linear_svc,bow_unigram,linear_svc,0.9931240127051165,0.0007799369286629068,0.006875987294883479,1.0,0.9917745626420753,0.9916193565828603,0.9998601730314488,0.008225437357924692,False
bow_bigram__sgd_log_loss,bow_bigram,sgd_log_loss,0.9929011214987762,0.0008663674912187589,0.006021047981582206,0.998662004215603,0.9925566806199346,0.9924303865909705,0.9999079619953839,0.006105323595668399,False
tfidf_bigram__logistic_regression,tfidf_bigram,logistic_regression,0.9926411056434137,0.001142607190970541,0.00322413279377054,0.99565152964869,0.994913811783056,0.9948634766153014,0.9998415884343628,0.0007377178656339245,False
bow_unigram__sgd_log_loss,bow_unigram,sgd_log_loss,0.992529356516676,0.0007373481794656489,0.006439272625673231,0.9987735036864089,0.9928180190485003,0.9927007299270073,0.9999265465924698,0.005955484637908626,False
hashing__random_forest,hashing,random_forest,0.9921207641656361,0.0011057615901359436,0.007879235834363896,1.0,0.9943784235496935,0.9943227899432279,0.9997393731503901,0.005621576450306476,False
tfidf_sublinear__sgd_log_loss,tfidf_sublinear,sgd_log_loss,0.9914889241866248,0.0011593067245974286,0.002954695411343522,0.9940905363735695,0.9933416539124146,0.9932414165990808,0.99964512269374,0.0007488824611548983,False
tfidf_unigram__logistic_regression,tfidf_unigram,logistic_regression,0.9913031351545045,0.0013516282069346633,0.003707274177913611,0.9953170285203049,0.9946564033343425,0.9945931332792647,0.9998141540291406,0.0006606251859624379,False
tfidf_bigram__sgd_log_loss,tfidf_bigram,sgd_log_loss,0.9903739159204141,0.001135157156126253,0.0032055825757643097,0.9934587046251121,0.9927998943038379,0.9927007299270073,0.9996017586338727,0.0006588103212742391,False
hashing__logistic_regression,hashing,logistic_regression,0.9892960537060009,0.0012184981541040712,0.0048130628789376795,0.9944993634293348,0.9873795144144857,0.9870235198702352,0.9996247681350269,0.007119849014849078,False
tfidf_unigram__sgd_log_loss,tfidf_unigram,sgd_log_loss,0.9889615605603712,0.0010007024978924883,0.0036887733459955996,0.9922322038343205,0.992547343696247,0.9924303865909705,0.9995415799385469,-0.00031513986192643895,False
tfidf_unigram__multinomial_nb,tfidf_unigram,multinomial_nb,0.9859873472776781,0.0008521742250893134,0.0029644889502681293,0.988589384053757,0.9946495574836667,0.9945931332792647,0.999080504934653,-0.006060173429909721,False
tfidf_unigram__complement_nb,tfidf_unigram,complement_nb,0.98557840013875,0.0009069562388414799,0.0030017007037320687,0.9882176415548359,0.9946495574836667,0.9945931332792647,0.999080504934653,-0.006431915928830745,False
hashing__sgd_log_loss,hashing,sgd_log_loss,0.984538583335682,0.0017486652177830541,0.005277771976694878,0.9890729925865973,0.9825776370260508,0.9818869964855367,0.9988858091556575,0.0064953555605464786,False
bow_unigram__multinomial_nb,bow_unigram,multinomial_nb,0.9821933841850873,0.0019226839972169547,0.003411906781189855,0.9853914428484537,0.9954254591461293,0.995404163287375,0.9986411119606927,-0.01003401629767564,False
tfidf_bigram__multinomial_nb,tfidf_bigram,multinomial_nb,0.9820818939516848,0.001893631324045996,0.0020360449942821157,0.9839412992804905,0.9948600308857096,0.9948634766153014,0.9988017359783641,-0.010918731605219167,False
bow_unigram__complement_nb,bow_unigram,complement_nb,0.9818214660140173,0.0018454373580568608,0.003411975441836246,0.9850195864181924,0.9954254591461293,0.995404163287375,0.9986411119606927,-0.010405872727936916,False
hashing__multinomial_nb,hashing,multinomial_nb,0.9817475202804558,0.0013159497902739048,0.0054195240611331075,0.9864326730846645,0.9948872778692033,0.9948634766153014,0.9984300440366453,-0.008454604784538744,False
hashing__complement_nb,hashing,complement_nb,0.9816359299819352,0.0014460577779702754,0.005512520853319103,0.9864326730846645,0.9948872778692033,0.9948634766153014,0.9984300440366453,-0.008454604784538744,False
tfidf_bigram__complement_nb,tfidf_bigram,complement_nb,0.9815239569653407,0.0019511298189258135,0.0021012257199635176,0.9833834551648892,0.9948600308857096,0.9948634766153014,0.9988017359783641,-0.011476575720820392,False
bow_bigram__multinomial_nb,bow_bigram,multinomial_nb,0.973745224897443,0.0011171121014310309,0.0020475119603341474,0.9755693162396751,0.9945711875009141,0.9945931332792647,0.9986729712699829,-0.01900187126123898,False
bow_bigram__complement_nb,bow_bigram,complement_nb,0.9732239073085424,0.0012097535715212325,0.002075580621219042,0.9750109035046699,0.9945711875009141,0.9945931332792647,0.9986729712699829,-0.01956028399624421,False
